image;title;author;format;duzy_rozmiar;maly_rozmiar;kategoria;cena_duzy;cena_maly;ilosc(quantity)
https://as1.ftcdn.net/jpg/03/85/81/64/500_F_385816405_1XqjJHVIC4KksfMFPVSZ6UGPo9lGTmjL.jpg;Scenic view of wave of fog;Tandem Stock;jpeg;4338x2569;1791x1061;Niebo;1120.99;538.99;4
https://as1.ftcdn.net/jpg/03/85/17/14/500_F_385171499_2KTcZtWITy3KpCDLrBbMBdeGj0Mp2LKv.jpg;Irrigation equipment on field against sky during sunset;Nemanja Otic\Westend61;jpeg;7452x4662;1743x1090;Niebo;2240.99;1120.99;96
https://as2.ftcdn.net/jpg/03/88/15/51/500_F_388155118_1qJujHF7iL74cbRxgsAViHrIuNNBRwCI.jpg;MOSCOW CITY;Visual Scientist\Stocksy;jpeg;7952x5304;1688x1126;Niebo;1120.99;538.99;64
https://as1.ftcdn.net/jpg/03/75/00/02/500_F_375000208_66RBurv3RrfJ2M5v4WddjvGaoFVedbxZ.jpg;Forest in winter landscape;Robert Kohlhuber\Stocksy;jpeg;4256x2832;1690x1124;Niebo;1120.99;538.99;51
https://as1.ftcdn.net/jpg/03/88/16/14/500_F_388161405_7pTrDtdOoCeYYPal32kOhmhdmCTJRc8P.jpg;Grain bins in a farmer's field.;Todd Korol\Stocksy;jpeg;5674x3783;1688x1126;Niebo;1120.99;538.99;33
https://as1.ftcdn.net/jpg/03/80/74/44/500_F_380744438_F79pSCeueuoNpPW39tlKUUUWourx86bD.jpg;Magnificent view of mountain ridge under amazing sundown sky in evening in Gran Canaria;Javier Martinez\ADDICTIVE STOCK;jpeg;5992x3995;1688x1126;Niebo;1120.99;538.99;101
https://as1.ftcdn.net/jpg/03/56/51/86/500_F_356518683_xakTe81AljEKIpGghTUTpp6iJvnalnsY.jpg;Amazing view of rocky coast with cliffs and cloudy sky during sundown in Cantabria;Francisco Carrodeguas\ADDICTIVE STOCK;jpeg;5584x3728;1687x1126;Niebo;1120.99;538.99;45
https://as1.ftcdn.net/jpg/02/81/51/38/500_F_281513883_lnQmXLlNNXAueBhl6NVxereEVvSrB6bm.jpg;View of wheat field against sky;Mint Images;jpeg;5122x3415;1688x1126;Niebo;1120.99;538.99;17
https://as1.ftcdn.net/jpg/02/12/20/28/500_F_212202809_XAssafpEGrZagWjaXagWQNrnaosJegW2.jpg;Plitvice Lakes National Park - Infrared;Paolo;jpeg;3945x5909;1126x1687;Niebo;1120.99;538.99;97
https://as1.ftcdn.net/jpg/03/90/21/76/500_F_390217692_Yl6f46sJ4FT1tejQwQ0Ne41GRNSeBWna.jpg;early morning light on the coastal cliffs on Freycinet Peninsula Tasmania;Neal Pritchard\Stocksy;jpeg;8532x3767;2074x916;Niebo;1120.99;538.99;77
https://as1.ftcdn.net/jpg/03/51/35/58/500_F_351355849_IlHAS9iDbm1ImR8I8SglDa5yZKlXuIW3.jpg;Denmark  Henne Strand  Dune landscape;Westend61;jpeg;11600x3212;2619x725;Niebo;2240.99;1120.99;45
https://as1.ftcdn.net/jpg/03/91/37/34/500_F_391373408_Dfu6UxH2vIGV7nar13NdsKnxnQ1tZHGc.jpg;Aiguille Verte Morning;Nathan Yan\Stocksy;jpeg;4943x3648;1605x1184;Niebo;1120.99;538.99;91
https://as1.ftcdn.net/jpg/03/88/89/42/500_F_388894251_36hKoofDl81HejiOeEDaNqXOaMEnKAID.jpg;Mountain peak in the dawn rays of the sun;Sergey Lukankin\Stocksy;jpeg;4248x3640;1489x1276;Niebo;1120.99;538.99;70
https://as2.ftcdn.net/jpg/03/88/89/09/500_F_388890972_DFCBmOYQWo9qgEPFVspOpZwqIe8CJn4M.jpg;Silence;Julia Buruleva\Stocksy;jpeg;4166x2772;1690x1124;Niebo;1120.99;538.99;85
https://as1.ftcdn.net/jpg/03/61/61/18/500_F_361611854_y9dmPmY6CmZXuGhPZ42dxyFLrOh6am2P.jpg;Anse Source d'Argent beach  La Digue  Seychelles;JCB;jpeg;11796x3932;2387x796;Niebo;1120.99;538.99;18
https://as1.ftcdn.net/jpg/02/04/36/08/500_F_204360836_l9nWXfPxvAjgs7i6WgEMyXg9H3qxqM4S.jpg;ITA\South Tyrol  Gardena Valley;Grand Tour;jpeg;7600x3040;2179x872;Niebo;1120.99;538.99;1
https://as1.ftcdn.net/jpg/03/84/85/92/500_F_384859265_DwalftafMcL1gqkgJuW3xBCQIezztRKx.jpg;Atlas mountains landscape;IVAN GENER\Stocksy;jpeg;5803x3861;1690x1124;Niebo;1120.99;538.99;10
https://as1.ftcdn.net/jpg/03/88/89/28/500_F_388892806_K4ADU8JzbPt6wbpsuU0etMkHF4QKoLMz.jpg;Sunset at Newport Back Bay;Scott Snyder Photography\Stocksy;jpeg;6000x4000;1688x1125;Niebo;1120.99;538.99;82
https://as2.ftcdn.net/jpg/02/15/29/67/500_F_215296782_5BTFaIRe4Qnh6Wn7CoywsY7UYwA8XQVS.jpg;Spring landscape of field with cloudy sky in early morning Hesse  Germany;Radius Images ;jpeg;6800x4538;1687x1126;Niebo;2240.99;1120.99;57
https://as2.ftcdn.net/jpg/03/85/16/17/500_F_385161743_HG5ETTz5IXRkFjOdU29gQeJhK2eDSnCa.jpg;Staring at \u221a\u00d6rdal;Atle R\u221a\u220fnningen Photography\Stocksy;jpeg;7000x5255;1591x1194;Niebo;1120.99;538.99;34
https://as1.ftcdn.net/jpg/03/85/81/36/500_F_385813620_uP443bHdcCh20NgbEYQW1AxbqRwN7ous.jpg;Silhouette of wildebeest grazing on grassy landscape;Tandem Stock;jpeg;6300x4200;1688x1125;Niebo;1120.99;538.99;76
https://as1.ftcdn.net/jpg/03/85/17/20/500_F_385172085_DrjDrbgskmyuKwgmprQANIywtvuuv5Ry.jpg;Agricultural machinery in ploughed field against sky during sunset;Nemanja Otic\Westend61;jpeg;6089x4871;1541x1233;Niebo;2240.99;1120.99;82
https://as2.ftcdn.net/jpg/02/73/67/35/500_F_273673565_h6YneCMoHGIdEvp7lZm201YsJPhTlZOJ.jpg;Scenic view of mountains at Stokksnes Beach;Michael Schauer;jpeg;5464x3640;1689x1125;Niebo;1120.99;538.99;35
https://as1.ftcdn.net/jpg/02/68/19/72/500_F_268197268_zBvOCJH5UfeHYeOsNVz06PtbXL9zVCWK.jpg;Spring trees in austria  shot in Infrared IR;Robert Kohlhuber\Stocksy;jpeg;6000x4000;1688x1125;Niebo;1120.99;538.99;42
https://as2.ftcdn.net/jpg/03/88/15/73/500_F_388157315_PwgY12mdi39FUXTggVQwepR4HWjP7eLM.jpg;Wheat field on the prairies.;Todd Korol\Stocksy;jpeg;6720x4480;1688x1125;Niebo;1120.99;538.99;88
https://as1.ftcdn.net/jpg/03/88/16/06/500_F_388160606_7e4Px7V2Bxr4Se9SzJIk0hKTI1YWiRzg.jpg;Red clouds;AD Photography\Stocksy;jpeg;6553x4447;1673x1136;Niebo;1120.99;538.99;16
https://as2.ftcdn.net/jpg/03/85/15/95/500_F_385159531_tSo3BPshSJ0THCWTrnV8lAp3NLL7Jwc3.jpg;Pyramid Mountain;Paul Tessier\Stocksy;jpeg;9793x3456;2320x819;Niebo;1120.99;538.99;103
https://as2.ftcdn.net/jpg/02/96/37/77/500_F_296377737_7TTq4vP04CHtOTv4SQBpUqFGuK5x0D0y.jpg;View of sand dune against cloudy sky;Ryan Neeven;jpeg;4000x6000;1125x1688;Niebo;1120.99;538.99;28
https://as1.ftcdn.net/jpg/03/84/86/70/500_F_384867063_0g8EliAmBVtKpiay6WS15kSTHfoTtifk.jpg;Arctic view from adventure ship;Reo FUKUMOTO\Stocksy;jpeg;6720x4480;1688x1125;Niebo;1120.99;538.99;35
https://as2.ftcdn.net/jpg/02/57/54/83/500_F_257548395_8yQ5aNrceLcpXtRlJsXgKUt80jf7BwgA.jpg;Night time reflecting in Minnestimma Lake  Banff  Alberta  Canada;Cavan Images;jpeg;6000x4109;1666x1141;Niebo;1120.99;538.99;104
https://as2.ftcdn.net/jpg/03/66/16/39/500_F_366163902_YmxBvjBTnmRZ4wj7GPrEdSztD5HrTB0r.jpg;Power pylons in winter landscape;Westend61;jpeg;4222x6333;1125x1688;Niebo;2240.99;1120.99;97
https://as1.ftcdn.net/jpg/03/91/37/24/500_F_391372476_PNBthEZCL2Hs55YIqwzbyHBZ0bQvEURT.jpg;Aiguille Verte and Reflection;Nathan Yan\Stocksy;jpeg;5389x3408;1733x1096;Niebo;1120.99;538.99;92
https://as2.ftcdn.net/jpg/03/88/89/37/500_F_388893752_mTHIHNCHUizQx3N5FoiGCnaoxS01zC2b.jpg;Aurora borealis over a snowy mountain;Sergey Lukankin\Stocksy;jpeg;3870x3840;1384x1373;Niebo;1120.99;538.99;38
https://as2.ftcdn.net/jpg/02/61/09/59/500_F_261095914_mYufZ2b59XDMqANSmsvVPBrCuG9Vg5dJ.jpg;Monument Valley at Sunset  Arizona  USA;Dave and Les Jacobs\Stocksy;jpeg;5147x3435;1687x1126;Niebo;1120.99;538.99;21
https://as2.ftcdn.net/jpg/02/03/90/61/500_F_203906193_rs95RTEPWISLZVpBI2hyvXtvkke3mVfU.jpg;View of landscape against cloudy sky;Brian Park;jpeg;4875x3250;1688x1125;Niebo;1120.99;538.99;76
https://as2.ftcdn.net/jpg/02/29/96/73/500_F_229967347_T5r6ZB9vdP5OBI71IyCPbpSI8a9OT3dn.jpg;Heather covered moorland at sunset;Stocksy;jpeg;2604x3914;1124x1690;Niebo;1120.99;538.99;48
https://as1.ftcdn.net/jpg/03/85/16/30/500_F_385163007_lxeKRpk1BBSg2gz6GNmZ2fUVcYA44P4g.jpg;Layers Of Mountains At Sunrise;Laura Austin\Stocksy;jpeg;5430x3620;1688x1125;Niebo;1120.99;538.99;17
https://as2.ftcdn.net/jpg/03/88/89/45/500_F_388894502_PxJbKhGGLYdarVIUZwMb6qJ669RATbhi.jpg;Sunrise over Mountains;Scott Snyder Photography\Stocksy;jpeg;6000x4000;1688x1125;Niebo;1120.99;538.99;54
https://as2.ftcdn.net/jpg/02/15/29/67/500_F_215296748_HgQiLdKX5Nx2FjK9RX8KdrwD6lVvJyOQ.jpg;Pastel sky reflected in lake with morning mist at dawn in Mondfeld  Wertheim in Baden-Wurttemberg  Germany;Radius Images ;jpeg;7239x4831;1687x1126;Niebo;2240.99;1120.99;25
https://as2.ftcdn.net/jpg/03/84/85/85/500_F_384858516_5GmtbP6iGjyiLZ5n5MgFICNPOp75xeat.jpg;glacier lake;Alari Kivisaar\Stocksy;jpeg;5694x3561;1743x1090;Niebo;1120.99;538.99;24
https://as1.ftcdn.net/jpg/03/85/81/56/500_F_385815663_uooIOgazha9Y7YhBmXgI4gjnj05gKao5.jpg;Sunrise over mountain peaks in North Cascades National Park;Tandem Stock;jpeg;10613x8142;1574x1207;Niebo;1120.99;538.99;35
https://as2.ftcdn.net/jpg/03/85/17/15/500_F_385171526_nwxvvNxF0pEXf8dK6vHxoK4Eaoa2tGJX.jpg;Ploughed field against sky during sunset;Nemanja Otic\Westend61;jpeg;8145x6109;1592x1194;Niebo;2240.99;1120.99;86
https://as1.ftcdn.net/jpg/03/90/21/02/500_F_390210266_QBC7qnV4wD8dqGlcx75cHqNvVdXE1KXI.jpg;Spain;Addie Mannan Photography\Stocksy;jpeg;19045x3348;3288x578;Niebo;1120.99;538.99;90
https://as1.ftcdn.net/jpg/02/68/21/08/500_F_268210861_s91WV8qzEnfhTtyUxoGFWxKN0m3qRHq9.jpg;Infrared landscape in austria;Robert Kohlhuber\Stocksy;jpeg;6000x4000;1688x1125;Niebo;1120.99;538.99;9
https://as2.ftcdn.net/jpg/03/64/55/89/500_F_364558960_pSI3MLTEotXSfmls5NeYYfSdRJnClWhQ.jpg;Sharp mountain peaks covered partially with snow and surrounded by fog under picturesque cloudy red sky at nightfall in wintertime;Juan Lopez\ADDICTIVE STOCK;jpeg;38587x10601;2630x722;Niebo;1120.99;538.99;16
https://as1.ftcdn.net/jpg/02/27/30/26/500_F_227302673_wnMIlbSG0S4Fa6ENZcmVKbOWiWaxuuch.jpg;Reflection of mountains in Lake Federa against cloudy sky;PATMALUPHOTO;jpeg;6720x4480;1688x1125;Niebo;1120.99;538.99;85
https://as2.ftcdn.net/jpg/02/02/04/77/500_F_202047731_mJ0mcLV6GK7Oq04AAGmQLY7o9Dezj19L.jpg;The lush green landscape of Emilia Romagna in Italy;Jessica Jungbauer;jpeg;3648x5472;1125x1688;Niebo;1120.99;538.99;95
https://as2.ftcdn.net/jpg/03/88/15/47/500_F_388154780_kyyz4sFWWWRJrf41t5UnsxRSH9QxL8Nv.jpg;Desert mountain lookout tower;Tari Gunstone\Stocksy;jpeg;5400x3600;1688x1125;Niebo;1120.99;538.99;67
https://as2.ftcdn.net/jpg/03/84/86/71/500_F_384867137_EdopBpRDBBNqjofgBxX7YpQfK4y4dTfh.jpg;Northern light view from moving ship;Reo FUKUMOTO\Stocksy;jpeg;6564x4376;1688x1125;Niebo;1120.99;538.99;65
https://as2.ftcdn.net/jpg/03/88/89/57/500_F_388895747_jwkzSMTbXwqtoshk1EIim4t5UQ1sZ4e8.jpg;Landscape of Mongolia at sunset;Olga Sibirskaya\Stocksy;jpeg;6000x4000;1688x1125;Niebo;1120.99;538.99;36
https://as1.ftcdn.net/jpg/02/81/29/12/500_F_281291270_HpbkwrLHJmJyE2Kmsb9faou2dLcGLMGT.jpg;View of Seceda mountain against cloudy sky;Westend61;jpeg;7500x5626;1592x1194;Niebo;2240.99;1120.99;75
https://as2.ftcdn.net/jpg/03/30/70/35/500_F_330703574_zPxgkccr31lmgsimvT6c7AIP8ReIK9tA.jpg;Aerial view of La Digue island in the Seychelles;JCB;jpeg;10433x6376;1763x1078;Niebo;1120.99;538.99;15
https://as1.ftcdn.net/jpg/03/88/89/22/500_F_388892254_1hXdQNt4mQp7QfyniRrfsYSkgjuzNdIF.jpg;Bright and dramatic sunset on the lake.;Sergey Lukankin\Stocksy;jpeg;4945x4706;1413x1345;Niebo;1120.99;538.99;37
https://as2.ftcdn.net/jpg/03/84/85/99/500_F_384859923_oNSJJy65tJKmwcKNH0lXRbEqWlgJMw20.jpg;sunset;Vera Lair\Stocksy;jpeg;5472x3648;1688x1125;Niebo;1120.99;538.99;92
https://as2.ftcdn.net/jpg/01/97/20/43/500_F_197204324_MeskoAmFarGmFkzXWmT9aFpCZzZGWpci.jpg;View of tree covered landscape with mountain at sunset;Tyler Phenes;jpeg;3791x5686;1126x1688;Niebo;1120.99;538.99;47
https://as2.ftcdn.net/jpg/02/57/50/05/500_F_257500540_0DuwXPNgn3W6ss9Jm7yplCIY8zmgB3V2.jpg;View of Vaeroy island with sea at sunset;Cavan Images;jpeg;9450x3694;2205x862;Niebo;1120.99;538.99;37
https://as1.ftcdn.net/jpg/03/88/16/10/500_F_388161085_mhltQrY2Bh2gx80zhKYPXrd3Lefcv9DY.jpg;Red clouds;AD Photography\Stocksy;jpeg;6612x4408;1688x1125;Niebo;1120.99;538.99;66
https://as2.ftcdn.net/jpg/03/88/89/43/500_F_388894320_lJVhARIcEiIFpnQoIWPBax1ip9NnI9vu.jpg;Camping in Arches National Park;Scott Snyder Photography\Stocksy;jpeg;6000x4000;1688x1125;Niebo;1120.99;538.99;57
https://as1.ftcdn.net/jpg/03/84/85/68/500_F_384856802_mcBKhbHU4e8GM1c2fsMgrvOB33LCiz5L.jpg;Goalposts;James Ross Photography\Stocksy;jpeg;5616x3744;1688x1125;Niebo;1120.99;538.99;35
https://as2.ftcdn.net/jpg/02/44/10/05/500_F_244100580_oE8qj1K4TRfwyGOcjH3QrH462iYyo0AS.jpg;People Walking on Beach;Lynn Donaldson;jpeg;4256x2832;1690x1124;Niebo;1120.99;538.99;96
https://as2.ftcdn.net/jpg/03/76/78/69/500_F_376786938_y96hIz698SFHNmgtal6hC4oLvF2jtQYi.jpg;Bare tree on landscape against cloudy sky;Tandem Stock;jpeg;8480x5741;1675x1134;Niebo;1120.99;538.99;44
https://as1.ftcdn.net/jpg/03/71/24/52/500_F_371245279_VnTxBUoFkP9uLs31Nj21nE31FbNoQbGl.jpg;Spirit Island;Douglas Robichaud\Stocksy;jpeg;5760x3840;1688x1125;Niebo;1120.99;538.99;94
https://as1.ftcdn.net/jpg/03/91/37/38/500_F_391373816_2dGWWnrc6wWifQDJNt7h1gbAEWla3Jtv.jpg;Hand reaching out to a sunset sky;VIctoria Stoeva\Stocksy;jpeg;6720x4480;1688x1125;Niebo;1120.99;538.99;82
https://as1.ftcdn.net/jpg/03/75/00/12/500_F_375001274_kU4O0enlpboVckwsSIOhmcdOkOGoYPz9.jpg;Windmill in winter landscape;Robert Kohlhuber\Stocksy;jpeg;4256x2832;1690x1124;Niebo;1120.99;538.99;101
https://as2.ftcdn.net/jpg/03/88/16/07/500_F_388160766_0WwOvMwJpWOScPQvpvhvrkkMGLMN3APu.jpg;Grain bins in a farmer's field.;Todd Korol\Stocksy;jpeg;7952x5304;1688x1126;Niebo;1120.99;538.99;101
https://as2.ftcdn.net/jpg/03/85/80/85/500_F_385808596_owCP2DlucCgQfsm5FIv2R5VArRQvQhU4.jpg;Hiker sitting on mountain peak at Bergamasque Alps  Italy;27exp\Westend61;jpeg;5803x3869;1688x1126;Niebo;2240.99;1120.99;104
https://as1.ftcdn.net/jpg/03/85/80/34/500_F_385803414_Nnt2qV5pEszv81IaPtPbrHZmTpGH0CVD.jpg;Mauritius  Black River  Flic-en-Flac  Helicopter panorama of green island landscape in summer;Martin Moxter\Westend61;jpeg;10000x3242;2421x785;Niebo;2240.99;1120.99;49
https://as2.ftcdn.net/jpg/03/85/16/35/500_F_385163518_QncfL0rGzoZLXZakbHgzAYt6NXRq4osL.jpg;Large Waterfall In Beautiful Nature;Laura Austin\Stocksy;jpeg;5760x3840;1688x1125;Niebo;1120.99;538.99;27
https://as1.ftcdn.net/jpg/03/84/86/84/500_F_384868488_fq95ibygDlwDr6OPczdfjnIyEGBnmb1H.jpg;Arctic adventure ship;Reo FUKUMOTO\Stocksy;jpeg;6597x4398;1688x1125;Niebo;1120.99;538.99;22
https://as1.ftcdn.net/jpg/02/36/15/56/500_F_236155663_GLTNLpBNq3GllbXMN8RQugn4d3t1wAf3.jpg;View of mountains with lake against cloudy sky;ADDICTIVE STOCK;jpeg;4096x3202;1559x1219;Niebo;1120.99;538.99;33
https://as2.ftcdn.net/jpg/03/46/97/41/500_F_346974179_qP7QhUBFTGJ061weoWvPZ9dfB5YvaHHG.jpg;Slovenia  Landscape with Church of St Primoz near Jamnik at sunset;Westend61;jpeg;8371x2049;2786x682;Niebo;2240.99;1120.99;36
https://as2.ftcdn.net/jpg/03/85/15/99/500_F_385159964_vQsSZbjdObLJs89Yn3pNRwiqoVD8K9p5.jpg;The mountain range of Pirin;MEM Studio\Stocksy;jpeg;7923x3281;2142x887;Niebo;1120.99;538.99;97
https://as2.ftcdn.net/jpg/03/88/88/85/500_F_388888516_BzIf5LjKy0NmMA1ZtLQAo0pjltDe7Ov8.jpg;Milky Way Above The Famous Three Peaks In The Italian Alps;Sergey Lukankin\Stocksy;jpeg;5915x4480;1584x1200;Niebo;1120.99;538.99;10
https://as2.ftcdn.net/jpg/03/85/15/87/500_F_385158753_BEtP5yef28dJTzFc0ddfIkMcUZedMGqN.jpg;Mountain scenery;Jovo Jovanovic\Stocksy;jpeg;6720x4480;1688x1125;Niebo;1120.99;538.99;90
https://as1.ftcdn.net/jpg/03/81/76/50/500_F_381765033_3mztKYMZbpSSoPqCnuZLEw3jWxftQ6oJ.jpg;Panoramic landscape of West Texas desert.;Inti St. Clair;jpeg;6621x2599;2200x864;Niebo;1120.99;538.99;37
https://as1.ftcdn.net/jpg/03/88/89/70/500_F_388897094_0gL71Nd4RnbtojvVGgyj8ySRohOPfa3W.jpg;Misty valley at sunrise;Tim Booth Photography\Stocksy;jpeg;6720x3996;1788x1063;Niebo;1120.99;538.99;50
https://as2.ftcdn.net/jpg/03/84/86/17/500_F_384861730_d3LSYf9WkIepTxolbklxdi3d23mHxKLR.jpg;Sunset at Joshua Tree National Park;INIGO CIA DA RIVA\Stocksy;jpeg;7360x4912;1687x1126;Niebo;1120.99;538.99;59
https://as2.ftcdn.net/jpg/03/44/96/25/500_F_344962502_eOHic2JfTRhTG0w9TUi97QaLKMyQpPRK.jpg;Young woman having drink outdoors;Bonninstudio\Stocksy;jpeg;5760x3840;1688x1125;Niebo;1120.99;538.99;30
https://as2.ftcdn.net/jpg/03/84/86/13/500_F_384861312_5VMdDZzZBQtZUpDJsAFBk9fMMqm4N9EI.jpg;Beach Grass On A Sand Dune;Vera Lair\Stocksy;jpeg;5472x3648;1688x1125;Niebo;1120.99;538.99;56
https://as1.ftcdn.net/jpg/02/38/48/20/500_F_238482074_SMxcuvZVrgRvJ9vwDlsbIyjCTGLNbLDt.jpg;View of mountains against cloudy sky during sunset;Cavan Images;jpeg;7520x5020;1687x1126;Niebo;1120.99;538.99;75
https://as2.ftcdn.net/jpg/03/85/81/61/500_F_385816192_Ijm6rYTSEBwhgN3NHhMFXEcflCc7UVHd.jpg;Scenic view of landscape covered with fog during sunrise;Tandem Stock;jpeg;7978x4093;1924x987;Niebo;1120.99;538.99;101
https://as2.ftcdn.net/jpg/03/84/86/83/500_F_384868369_XCMRsTQgm720BrmoepGbInh0rcMTt6YH.jpg;Rural Landscape;James Ross Photography\Stocksy;jpeg;5000x5058;1370x1386;Niebo;1120.99;538.99;14
https://as1.ftcdn.net/jpg/03/84/85/96/500_F_384859660_N4QlyjwZKlmdCBpsRkX1hFHdpiNEWbyk.jpg;Tallinn;Alari Kivisaar\Stocksy;jpeg;6678x1983;2530x751;Niebo;1120.99;538.99;20
https://as2.ftcdn.net/jpg/02/72/48/77/500_F_272487795_JOs01rg9nZ8hsk3sZj9YipgAB8qSGqTP.jpg;View of trees in park during spring;Robert Kohlhuber\Stocksy;jpeg;6000x4000;1688x1125;Niebo;1120.99;538.99;4
https://as2.ftcdn.net/jpg/03/88/15/71/500_F_388157110_m4qLn0zyDZrXvTHJ0qRU3Bjidy6S5Mii.jpg;Clouds over the Rocky Mountains.;Todd Korol\Stocksy;jpeg;6720x4480;1688x1125;Niebo;1120.99;538.99;16
https://as2.ftcdn.net/jpg/03/83/54/43/500_F_383544302_mDpK9PBSsOS11SmENb1HItL8yVqjEz4r.jpg;sand dunes in the Sahara Desert at sunset  Morocco..;Michael Marquand;jpeg;6144x4113;1685x1128;Niebo;1120.99;538.99;28
https://as1.ftcdn.net/jpg/02/62/86/92/500_F_262869277_eItUo8HyHdcEjI3OvoWSGdjNQzTWn23I.jpg;Woman walking in tropical scenery;Daniel &amp; Caroline\Stocksy;jpeg;3448x4592;1194x1591;Niebo;1120.99;538.99;13
